원본 번호,단어,수정 항목,수정 전,수정 후
2006,安,예문,大家安安静静地听老师讲课，不要吵闹。,听到这个消息，我的心才安下来。
2010,熬夜,예문,为了完成项目，他连续熬夜了好几个晚上。,为了完成项目，他连续几个晚上熬夜。
2021,报到,뜻,"보고하다, 등록하다 / 신고하다","도착·출석을 알리다, 등록하다"
2023,报告,예문,他正在准备年度工作汇报，很忙。,他正在准备年度工作报告。
2033,保质期,뜻,유통기한,"품질 보증 기간, 식품의 보존 가능 기간"
2036,背,뜻,"등, 등을 지다 / 외우다",등 / 외우다 / 등지다
2037,背后,뜻,등 뒤  뒤쪽 배후 ,"등 뒤, 뒤쪽, 배후"
2040,本2,뜻,"원본, 책 / 기본","책, 공책 / 근본, 본래의"
2040,本2,예문,这本词典非常实用，我经常翻阅。,请把这份文件的原本保存好。
2044,本质,예문,他外表温和，但本质是个非常坚持原则的人。,我们需要了解这个问题的本质。
2046,便,뜻,"편리하다, 편의 / 그때","편리하다 / 곧, 그러자"
2046,便,예문,你如果方便的话，就帮我带杯咖啡吧。,他看完信，便离开了房间。
2057,别2,뜻,"다른, 별 / 다르다","다른, 그 밖의"
2057,别2,예문,你别去了，她已经有别的安排了。,我今天有别的安排，不能参加聚会。
2059,毕竟,뜻,"비교하면, 결국","결국, 아무래도, 어쨌든"
2059,毕竟,예문,他学历不高，但凭借自己的努力，最终还是成功了。,他毕竟还是个孩子，需要大人的帮助。
2060,比例,예문,这个城市的人口比例中，年轻人占多数。,这座城市年轻人所占的比例很高。
2065,病情,뜻,"병정, 병세","병세, 병의 상태"
2074,不得了,뜻,"크게 문제될 것 없다, 대단치 않다","대단하다, 매우 심하다 / 큰일이다"
2074,不得了,예문,这个好消息真不得了，大家都高兴坏了。,今天热得不得了，大家都不想出门。
2076,不利,병음,búlì,bùlì
2077,不良,예문,长期睡眠质量不良会影响身体健康。,我们应该改掉不良的生活习惯。
2079,不幸,병음,búxìng,bùxìng
2079,不幸,예문,虽然这次没拿到第一，但不代表他不幸。,他在一次不幸的事故中受了伤。
2081,不要紧,병음,búyàojǐn,bùyàojǐn
2087,彩色,뜻,"채색하다, 컬러","컬러의, 여러 색깔의"
2094,册,예문,请把那本书递给我，就在你手边的册子旁边。,这套书一共有三册。
2103,产,예문,中国是苹果的主要产地之一。,这个地区产苹果，也产葡萄。
2109,尝试,뜻,"시도하다, 노력하다","시도하다, 시험해 보다"
2116,朝,뜻,"조(아침), 향하다","~을 향하다, ~쪽으로"
2118,炒,뜻,"볶다, 튀기다",볶다
2119,超,예문,他的水平已经超过了班里的大部分同学。,这辆车的载重量不能超出规定。
2121,超级,뜻,"최상급인,초특급인 ","최상급인,초특급인"
2121,超级,예문,这个电影是超级大片，特效非常酷。,这是一部超级大片，特效非常精彩。
2129,称1,뜻,"부르다, 칭하다 ","부르다, 칭하다"
2130,称2,뜻,(무게)를 달다 재다 ,(무게)를 달다 재다
2133,程度,예문,他的汉语水平达到了很高的程度。,他的汉语流利程度提高了很多。
2146,程序,예문,下载这个软件需要按照安装程序一步一步操作。,请按照规定的程序办理手续。
2150,橙子,뜻,"오렌지, 귤",오렌지
2155,翅膀,병음,chìbǎng,chìbang
2155,翅膀,예문,小鸟受伤了，它的翅膀无法飞起来。,小鸟的翅膀受伤了，暂时不能飞。
2158,冲,뜻,"돌진하다, 충전하다 / 물을 붓다","돌진하다 / 물을 붓다, 씻어 내다"
2170,处,뜻,"처리하다, 처리 / 곳, 장소","곳, 장소 / 부서"
2177,窗台,뜻,"창틀, 창가","창턱, 창가의 선반"
2190,除夕,뜻,제석(음력 섣달 그믐),"음력 섣달그믐, 춘절 전날"
2198,此时,뜻,"지금, 현재","이때, 지금"
2200,从不,병음,cóng bù,cóngbù
2201,从而,병음,cóng’ér,cóng'ér
2202,从前,뜻,"예전부터, 이전에","옛날, 이전"
2205,促进,뜻,"촉진하다,",촉진하다
2210,促使,뜻,"재촉하다, 독려하다","~하도록 하다, 촉진하다"
2225,大妈,뜻,"아주머니, 큰엄마",아주머니
2231,当,뜻,"당하다, 마주하다 / 막다",~으로 여기다 / 적절하다 / 저당 잡히다
2231,当,예문,当老师的，要时刻关注学生的成长。,别把这件事当作玩笑。
2232,挡,뜻,"~으로 여기다, 간주하다","막다, 가로막다"
2233,当成,뜻,"해당 지역, 현지","~으로 여기다, 간주하다"
2234,当地,뜻,"그해, 당시","현지, 그 지역"
2235,当年,뜻,"현재, 현재의","그 당시, 그해"
2236,当前,뜻,"도중, 그중","현재, 지금"
2237,当中,뜻,"~으로 삼다, 간주하다","가운데, ~중에"
2238,当作,뜻,"담당하다, 맡다","~으로 여기다, 간주하다"
2239,担任,뜻,"겁이 많다, 소심하다","담당하다, 맡다"
2240,胆小,뜻,"단일, 하나","겁이 많다, 소심하다"
2241,单一,뜻,"단위, 유닛","단일하다, 하나뿐이다"
2242,单元,뜻,"거꾸로, 도리어 / 넘어지다","단원, 단위"
2243,倒,뜻,"도착하다, 닿다","넘어지다, 쓰러지다"
2243,倒,예문,我打算倒车入库，但是技术不太好。,风太大了，路边的一棵树倒了。
2244,到达,뜻,"이치, 도리","도착하다, 이르다"
2245,道理,뜻,"만기, 기한","이치, 도리, 이유"
2246,到期,뜻,"~로서, 결과","기한이 되다, 만기가 되다"
2251,大厦,뜻,"대건물, 대형 빌딩","큰 건물, 빌딩"
2251,大厦,예문,这座摩天大楼是城市的地标性建筑。,这座大厦是这座城市的地标。
2256,大爷,뜻,"큰아버지, 할아버지뻘","할아버지, 나이 든 남성에 대한 존칭"
2257,大于,예문,这个数小于上次的结果，说明效率降低了。,十这个数大于五。
2272,点心,뜻,"간식, 점심","간식, 과자, 다과"
2275,调1,뜻,"조절하다, 맞추다 / (조사)조사하다","옮기다, 전근시키다 / 조사하다 / 가락"
2275,调1,예문,这台仪器需要调一下，才能正常工作。,公司把他调到北京工作了。
2289,洞,뜻,"구멍,동굴 ","구멍,동굴"
2293,豆腐,뜻,"두부, 콩국",두부
2308,朵,뜻,송이(꽃의 양사) / 피다,송이(꽃·구름 등을 세는 양사)
2321,罚款,예문,因为他乱扔垃圾，被管理处罚了款。,他因为乱停车，被交警罚款了。
2322,发明,예문,发明了印刷术，对人类文明进步意义重大。,印刷术的发明推动了文化的传播。
2323,反,뜻,"반대, 뒤집다 / 돌아오다","반대의 / 뒤집다, 거꾸로 되다"
2323,反,예문,对于这件事，他持反对意见。,这件衣服穿反了。
2325,反而,병음,fǎn’ér,fǎn'ér
2331,访问,예문,我明天下午要去拜访一位老朋友。,代表团下周将访问这所大学。
2335,番茄,뜻,"토마토, 방울토마토",토마토
2341,发起,뜻,"발기하다, 시작하다","제안하여 시작하다, 발의하다"
2351,纷纷,뜻,"자자하다, 분분하다","잇달아, 저마다, 분분히"
2358,分离,예문,离婚后，他们和平地分离了，互不打扰。,这种机器可以把水和油分离。
2369,付出,뜻,"지불하다, 내다","노력·대가 등을 들이다, 바치다"
2370,负担,예문,他独自承担起家庭的重担，很不容易。,照顾孩子给他增加了不少负担。
2376,盖,예문,他把锅盖揭开，饭菜的香味立刻飘了出来。,天气冷了，睡觉时要盖好被子。
2381,改善,예문,通过改善居住环境，提高了居民的生活质量。,政府正在努力改善居民的居住环境。
2396,歌词,예문,这首歌词写得很好，感人肺腑。,这首歌的歌词写得很好。
2398,根,뜻,"뿌리, 근본 / 철저히","뿌리, 근원 / 개비·가닥(양사)"
2399,根本,뜻,"근본, 기본","근본, 기본 / 전혀, 도무지"
2400,更换,예문,该换一个新款手机了，这个太旧了。,这部手机太旧了，需要更换。
2409,工程师,병음,gōngchéng   shī,gōngchéngshī
2410,工具,예문,学习语言是沟通交流的重要工具。,语言是沟通交流的重要工具。
2415,贡献,뜻,"공헌하다,","공헌하다, 기여하다 / 공헌"
2423,鼓,예문,他激动地鼓掌，为精彩的演出喝彩。,他正在练习打鼓。
2442,贵姓,뜻,성함이 어떻게 되십니까? (존칭),성씨를 높여 부르는 말
2445,古老,뜻,"고대, 옛날","오래되다, 유서 깊다"
2450,国画,뜻,국화(전통 그림),중국 전통 회화
2460,海关,뜻,"해관, 세관",세관
2464,行,뜻,"다니(가다), 행하다 / 항렬, 업종","업종, 직업 / 줄, 행"
2464,行,예문,您在哪个行业工作？,他在这一行已经工作了十年。
2466,含量,예문,这种食品的含糖量很高，要注意适量食用。,这种食品的糖分含量很高。
2469,好,뜻,"좋다, 훌륭하다 / 좋아하다","좋아하다, 즐기다"
2469,好,예문,他这个人啊，就好做好事，是个热心肠。,他从小就好学，总爱问问题。
2476,盒饭,뜻,"한밤중, 자정 무렵",도시락
2477,黑,뜻,"얇다, 엷다 / 적다, 박하다","검다, 어둡다"
2478,合理,뜻,"보물, 보배","합리적이다, 타당하다"
2481,合影,뜻,"합영 사진, 기념 촬영",함께 사진을 찍다 / 단체 사진
2485,后果,뜻,"후과, 결과","결과, 나쁜 결과"
2489,划,뜻,"긋다, 그리다 / 구분하다",노를 젓다 / 긋다
2489,划,예문,他在黑板上划了一道线，用来区分正反方。,他们在湖上划船。
2490,化,예문,很多事物都在不断变化，世界日新月异。,天气暖了，河里的冰慢慢化了。
2493,画面,예문,这幅画面充满了诗意，让人久久凝视。,这部电影的画面非常优美。
2496,环节,뜻,"환절, 고리","단계, 절차 / 연결 고리"
2500,化学,뜻,"화학, 화학",화학
2501,蝴蝶,뜻,"나비, 호랑이 나비",나비
2510,伙,뜻,"동료, 녀석 / 화(火)",동료 / 무리(사람을 세는 양사)
2517,胡同,병음,hútòng,hútong
2517,胡同,뜻,"골목, 회골목",골목
2519,呼吸,예문,在空气污染严重的地方，呼吸健康是重要问题。,在山里，我们可以呼吸新鲜空气。
2522,集,뜻,"모으다, 집합하다 / 장비, 계통",모으다 / 모음집 / 회·편(양사)
2523,系,뜻,"걸치다, 매다 / 관계하다","매다, 묶다"
2523,系,예문,这件事系在我心上，总也放不下。,开车前，请系好安全带。
2526,甲,뜻,"갑옷, 무장 / 첫째","갑(천간의 첫째), 첫째 / 갑옷"
2528,家电,예문,这家家电品牌的售后服务很好。,这个家电品牌的售后服务很好。
2530,建,뜻,"세우다, 건립하다 / 건강하다","세우다, 짓다, 건립하다"
2537,将近,뜻,"거의 ~하다, 거의","거의 ~에 이르다, ~에 가깝다"
2537,将近,예문,火车即将进站，大家准备上车。,我们已经等了将近一个小时。
2538,讲究,뜻,"깐깐하다, 고상하다 / 강조하다","중시하다, 세심하게 따지다 / 정교하다"
2541,降水,뜻,"(비,눈 따위가)내리다","강수, 비나 눈이 내림"
2541,降水,예문,明天天气预报说会有降水，记得带伞。,天气预报说明天会有降水。
2543,渐渐,예문,冬天的气温渐渐变冷了，要多穿点衣服。,天气渐渐变冷了，要多穿点衣服。
2544,艰苦,예문,他知道自己出身艰苦，所以特别努力。,虽然生活条件艰苦，他仍然坚持学习。
2548,坚强,뜻,"강하다, 단단하다","굳세다, 강인하다"
2551,简直,뜻,"거의, 하마터면","정말로, 그야말로, 완전히"
2553,较,예문,相比之下，我更喜欢这种慢节奏的生活。,这家商店的价格较低。
2554,浇,뜻,"붓다, 물을 따르다","물을 주다, 붓다"
2570,季度,뜻,"분기, 계절",분기(3개월)
2571,结,뜻,"끝내다, 매듭짓다","맺다, 묶다 / 끝내다"
2571,结,예문,故事讲完了，他结了一个有趣的尾。,他把绳子结成了一个环。
2578,接近,예문,他的家离学校很近，每天步行接近十分钟就到了。,请不要接近正在工作的机器。
2591,紧,뜻,"긴장하다, 팽팽하다","팽팽하다, 꽉 끼다 / 빠듯하다"
2593,近代,뜻,"근대, 현대",근대
2594,技能,뜻,"기능, 재능","기술, 기능"
2597,精力,뜻,"정력, 정기","정력, 기력, 에너지"
2598,精神,병음,jīngshen,jīngshén
2604,进口,뜻,"수입하다, 들여",수입하다 / 수입
2609,近年来,병음,jìnnián lái,jìnniánlái
2611,近日,예문,近日来的连续降雨，导致气温下降了很多。,近日连续降雨，气温下降了很多。
2614,进一步,병음,jìnyíbù,jìnyībù
2626,久远,예문,这首古老的民歌已经流传了很悠久的岁月。,这座古塔的历史十分久远。
2633,距,뜻,"거리, 간격","~에서 떨어져 있다, 간격을 두다"
2633,距,예문,市中心距离机场大约有二十公里。,我家距学校大约两公里。
2643,居然,뜻,"사실은, 의외로","뜻밖에도, 놀랍게도"
2653,开水,예문,在中国，喝热水是很多人的生活习惯。,杯子里是刚倒好的开水，小心烫。
2657,看,뜻,"보다, 살펴보다 / 시험","지키다, 돌보다"
2657,看,예문,周末，他待在家里看书，哪里也没去。,他负责看守仓库。
2663,克服,예문,困难面前，我们要勇敢克服，不能退缩。,我们要勇敢地克服困难，不能退缩。
2666,客户,예문,这家银行是信誉很好的老客户了。,他是这家银行的老客户。
2668,可靠,예문,这款手机的信号很可靠，值得信赖。,他做事认真，是一个可靠的人。
2670,科研,예문,科学研究的成果需要应用到实践中去。,这所大学取得了多项科研成果。
2679,亏,예문,做生意要讲究诚信，不能亏待客户。,这笔生意亏了不少钱。
2693,泪水,뜻,"눈물, 루",눈물
2697,梨,뜻,"배, 서양배",배(과일)
2698,力,뜻,"힘, 힘(력)",힘
2698,力,예문,团结就是力量，这句话很有道理。,他用力推开了门。
2699,恋爱,예문,他们正在甜蜜地恋爱中，很幸福。,他们正在谈恋爱，感情很好。
2700,量,뜻,"양, 분량 / 측정하다","양, 분량"
2700,量,예문,请称一下这些水果的量，看够不够。,今天的工作量比昨天大。
2708,了不起,예문,他能做出这么出色的成绩，真了不起。,他能取得这么好的成绩，真了不起。
2714,理论,뜻,"이론, 리론",이론
2717,令,예문,学校发布命令，要求全体师生下午做核酸。,这个好消息令人高兴。
2719,领带,뜻,"넥타이, 리본",넥타이
2734,理由,뜻,"이유, 논리","이유, 까닭"
2736,龙,뜻,"용, 용(용)",용(상상의 동물)
2742,录取,뜻,"합격하다, 등록되다","선발하다, 합격시키다"
2742,录取,예문,他被理想大学录取了，全家人非常高兴。,他被理想的大学录取了。
2743,路人,예문,在陌生的城市，他像路人一样，感到孤独。,我向一位路人问了去车站的路。
2747,录音,뜻,"녹음, 녹음기",녹음하다 / 녹음
2751,满足,뜻,만족하다,만족하다 / 충족시키다
2751,满足,예문,这样的生活已经很满足了，他不再奢求什么。,他对现在的生活感到很满足。
2752,毛笔,뜻,"붓, 붓(필기도구)",붓
2753,毛病,병음,máobìng,máobing
2757,魅力,뜻,"매력, 매력(魅)",매력
2760,美味,뜻,"맛있다, 식도락",맛있다 / 맛있는 음식
2762,迷,뜻,"미혹되다, 헤매다","빠지다, 매료되다 / 팬, 애호가"
2763,面2,뜻,"면(면적), 표면","면, 표면 / 쪽, 방면"
2770,命1,예문,生命是很珍贵的，每个人都只有一次。,医生救了他的命。
2773,名牌,뜻,"유명 브랜드, 명패","유명 상표, 명품 브랜드"
2777,明星,뜻,"스타, 명성","스타, 유명 연예인"
2781,摸,예문,他摸了摸了口袋，发现钱包不见了。,他摸了摸口袋，发现钱包不见了。
2816,配,예문,这种颜色和他很配，看起来很精神。,这条领带和他的西装很配。
2819,配送,예문,他在网上订了餐，快递员正在配送。,他在网上订了餐，外卖员正在配送。
2823,碰,예문,在会议上，他的观点与我的想法不谋而合，碰在一起了。,他不小心碰到了桌角。
2851,其,뜻,"그, 그것 / 기타","그, 그것, 그의"
2851,其,예문,其中原因很复杂，他不想过多解释。,每个人都有其自己的想法。
2852,欠,뜻,"부족하다, 모자라다",빚지다 / 부족하다
2852,欠,예문,这杯水还欠一点儿，再倒满吧。,他还欠我一百元。
2859,强调,뜻,"강조하다, 강화하다",강조하다
2863,前进,예문,队伍正在向前进，大家步伐很整齐。,队伍正在前进，大家步伐整齐。
2865,签名,예문,请在这份表格上签上你的名字。,请在这份表格上签名。
2866,前途,뜻,"전방, 앞길","앞날, 장래, 전망"
2874,亲,예문,他是我的亲戚，我们关系很亲。,他是我的亲弟弟。
2877,青,예문,山上的树很青，看上去很舒服。,这片山林一年四季都是青的。
2883,轻易,뜻,"경솔하다, 가볍게","쉽게, 함부로, 경솔하게"
2885,亲朋好友,병음,qīnpéng    hǎoyǒu,qīnpéng hǎoyǒu
2887,亲情,뜻,"가족애, 친정","가족 간의 사랑, 가족애"
2888,亲人,예문,他的家人都很支持他，让他感觉很安心。,他的亲人都很支持他。
2893,汽油,예문,现在汽车都需要加汽油才能跑。,这辆车需要加汽油才能行驶。
2895,权,예문,公民都享有平等的权利和义务。,每位公民都有权表达自己的意见。
2897,权利,뜻,"권리, 자격",권리
2912,绕,예문,他用绳子把礼物绕了一个漂亮的结。,他绕着操场跑了三圈。
2913,热爱,뜻,"열정, 열애",열렬히 사랑하다
2929,热心,뜻,"열심이다, 정열적","열성적이다, 친절하게 돕다"
2930,日历,뜻,"달력, 날짜",달력
2935,如此,예문,事情就是如此的巧合，令人难以置信。,事情竟然如此巧合，令人难以置信。
2946,沙漠,뜻,"사막, 모래",사막
2948,扇,뜻,"부채, 선풍기",부채질하다
2954,伤害,뜻,"손해, 해를 끼치다","상처를 주다, 해치다 / 피해"
2955,商家,뜻, 판매자,판매자
2958,商务,뜻,상업상의용무 비즈니스,"상무, 비즈니스 업무"
2959,上下,예문,他手里拿着一个盒子，上下打量了一番。,他把盒子上下翻看了一遍。
2961,上涨,뜻,"(수위)가오르다,상승하다 ","오르다, 상승하다"
2965,扇子,뜻,"부채, 부치",부채
2966,烧,뜻,"굽다, 태우다 / 구이","태우다, 굽다 / 끓이다"
2967,烧烤,뜻,"불에 구이, 바비큐","바비큐, 불에 굽다"
2968,沙子,뜻,"모래, 모래톱",모래
2969,蛇,뜻,"뱀, 사",뱀
2971,舍不得,뜻,"아깝다, 아끼다","아까워하다, 차마 ~하지 못하다"
2972,舍得,뜻,"아끼지 않다, 투자하다","아까워하지 않다, 기꺼이 내놓다"
2980,省2,뜻,"절약하다, 아끼다 / 성(省)","절약하다, 아끼다 / 생략하다"
2981,升1,뜻,"오르다, 상승하다 / 생략","오르다, 올라가다"
2987,升级,예문,他的职位最近升级了，责任也更大了。,这个软件需要升级到最新版本。
2988,胜利,뜻,"승리, 승리",승리
2989,升温,뜻,"온도 상승, 발열","기온이 오르다, 온도가 상승하다"
2989,升温,예문,春天的到来，让气温逐渐回升升温。,天气逐渐升温，春天快到了。
2994,神话,뜻,"신화, 신비",신화
2995,深刻,예문,这本书对我的影响很深刻，让我思考良多。,这本书给我留下了深刻的印象。
2997,深入,뜻,"깊다, 깊숙하다",깊이 들어가다 / 깊이 있게
2998,深远,뜻,"멀다, 깊고 멀다",영향·의미가 깊고 오래가다
3003,式,뜻,"~식 ,양식 스타일을 나타냄","방식, 양식 / ~식"
3004,诗,뜻,"시, 시(문학)",시
3008,时代,뜻,"시대, 시대",시대
3013,实践,뜻,"실천하다, 실제","실천하다 / 실천, 실제 경험"
3014,事件,뜻,"사건, 사물",사건
3022,诗人,뜻,"시인, 시인",시인
3028,失误,예문,由于他的失误，导致了整个项目的失败。,他的失误导致了整个项目的失败。
3039,食用,뜻,"먹을 수 있는, 식용","먹다, 식용하다"
3040,试用,뜻,"시용하다, 테스트하다",시험 삼아 사용하다
3041,适用,뜻,"적용되다, 적용되다","적용되다, 사용하기에 알맞다"
3043,守,예문,保护环境需要每个人坚守自己的责任。,保安每天晚上都在这里守着大门。
3051,手术,뜻,"수술, 외과",수술
3054,手指,뜻,"손가락, 손가락",손가락
3070,顺,뜻,"순하다, 따르다 / 순서","따르다, ~을 따라 / 순조롭다"
3075,舒适,예문,这件家具的坐垫很舒适，让人放松。,这把椅子坐起来很舒适。
3084,搜,예문,警察正在搜捕犯罪嫌疑人，很紧张。,我在网上搜了一下这个词的意思。
3086,酸甜苦辣,뜻,"신맛, 단맛, 쓴맛, 매운맛 (인생의)",신맛·단맛·쓴맛·매운맛 / 인생의 희로애락
3087,随,뜻,"따르다, 좇다, 마음대로하다","따르다, ~에 따라"
3087,随,예문,他被保安随同着离开了会场。,他随老师一起去参观博物馆。
3091,随手,뜻,"손쉽게, 아무렇게나","하는 김에, 손 가는 대로"
3093,损害,뜻,"손해, 훼손","손상시키다, 해치다 / 손해"
3097,缩短,예문,他的发言时间有限，需要缩短内容。,新铁路缩短了两地之间的旅行时间。
3104,桃,뜻,"복숭아, 복숭아",복숭아
3118,调,예문,这个音响的音质很好，需要仔细调一下。,请把空调的温度调低一点。
3121,调皮,뜻,"말썽꾸러기, 장난꾸러기","장난이 심하다, 짓궂다"
3125,调整,뜻,"조정하다, 정리하다","조정하다, 조절하다"
3128,铁路,예문,他出差乘坐的是高铁，走的也是铁路线。,这条铁路连接着两座城市。
3129,体会,뜻,"몸소 깨닫다, 체득하다, /체험","몸소 깨닫다, 체득하다 / 체험"
3135,提升,뜻,"제고하다, 향상시키다","높이다, 향상시키다"
3137,体现,뜻,"체현하다, 나타내다","구체적으로 드러내다, 나타내다"
3139,同,뜻,"~와 같다, 동일하다",같다 / ~와 함께
3139,同,예문,他的想法和我同出一辙，真巧。,我同他一起去图书馆。
3141,统计,뜻,"통계, 통계","통계, 통계를 내다"
3145,同一,예문,他的意见和我的同一，我们都支持这个方案。,我们在同一所学校学习。
3147,头,병음,tou,tóu
3150,团,예문,他组织了一个团，一起去黄山旅游。,我们参加了一个旅行团。
3154,土豆,뜻,"감자, 토두",감자
3157,退出,뜻,"퇴출하다, 떠나다","탈퇴하다, 물러나다"
3160,退还,예문,他把借我的书按时退还给了我。,商店退还了他多付的钱。
3166,兔子,뜻,"토끼, 토기",토끼
3166,兔子,예문,小白兔非常可爱，孩子们都喜欢。,这只兔子很可爱，孩子们都喜欢。
3169,外观,예문,这款汽车的外观设计非常时尚，受到年轻消费者的青睐。,这款汽车的外观很时尚。
3171,外形,뜻,외형 스타일 겉모양,"외형, 겉모양"
3171,外形,예문,这种手机的外形很轻薄，方便携带。,这款手机的外形很简洁。
3176,完美,예문,我们希望这次演出能完美地进行。,这次演出很完美，观众都很满意。
3179,完整,예문,这个拼图终于完整了，他很开心。,这套书保存得很完整，一本也没少。
3181,为2,병음,wéi,wèi
3181,为2,뜻,"위하다, 돕다 / 이유, 까닭","~을 위하여, ~때문에"
3182,胃,뜻,"위, 뱃속",위(소화 기관)
3183,喂2,뜻,어이(불러보는 소리) / 먹이다,먹이다
3183,喂2,예문,喂，请问您找哪位？,他每天早上给小猫喂食。
3184,尾巴,뜻,"꼬리, 꼬리표",꼬리
3189,危害,뜻,"위험, 해로움","해치다, 해를 끼치다 / 해로움"
3196,唯一,예문,他是我们团队里唯一的女同事，大家都很照顾她。,她是我们团队里唯一的女同事。
3211,无奈,뜻,"어쩔 수 없다, 낙담","어찌할 도리가 없다, 부득이하다"
3213,无数,예문,广场上的人多得无数，非常拥挤。,夜空中有无数颗星星。
3219,物业,뜻,"부동산 관리, 물업","부동산, 건물 관리"
3220,物质,뜻,"물질, 재질","물질, 물질적인"
3220,物质,예문,精神上的物质享受之外，我们更需要精神上的满足。,除了物质享受，我们也需要精神上的满足。
3222,系,뜻,"시스템, 계열","계통, 계열 / 학과"
3222,系,예문,这个操作系统非常稳定，很好用。,她是中文系的学生。
3227,现代化,뜻,"나타나다, 보이다","현대화, 현대화하다"
3228,显得,뜻,"시골, 향촌","~하게 보이다, 드러나다"
3229,乡,뜻,"사진첩, 앨범","시골, 고향 / 향(행정 단위)"
3230,相册,뜻,"지내다, 사귀다","사진첩, 앨범"
3231,相处,뜻,"마을, 시골","함께 지내다, 사귀다"
3232,乡村,뜻,"상당하다, 비교적","시골, 농촌"
3233,相当,뜻,"상대적, 상대",상당히 / 서로 맞먹다
3234,相对,뜻,"관련되다, 관계",상대적이다 / 서로 마주하다
3234,相对,예문,艺术与生活是相对而又统一的关系。,这家商店的价格相对便宜。
3239,向上,예문,他的目光向上看着，好像在思考什么。,他抬起头，向上看了看。
3244,象征,예문,和平的白鸽是和平的象征。,白鸽是和平的象征。
3251,现象,뜻,"현상, 현상",현상
3256,消化,예문,吃完饭后，他靠在沙发上看电视消化一下。,这种食物容易消化。
3270,吸管,뜻,"빨대, 흡관",빨대
3279,形式,예문,这次会议的召开形式是线上视频会议。,这次会议采用线上视频的形式。
3283,形象,예문,他留给我的形象非常深刻，难以忘怀。,这位演员成功塑造了一个勇敢的英雄形象。
3286,形状,예문,这个物体的形状是圆形的，很规则。,这个物体的形状很特别。
3287,行走,예문,饭后他习惯在公园里行走散步。,老人在公园里慢慢行走。
3288,新郎,뜻,"신랑, 새남편",신랑
3290,新娘,뜻,"신부, 새색시",신부
3294,心态,뜻,"심리 상태, 정신","마음가짐, 심리 상태"
3300,修建,뜻,"건설하다, 수리하다","건설하다, 짓다"
3307,学分,뜻,"학점, 학점",학점
3310,学历,뜻,"학력, 학력",학력
3313,学者,뜻,"학자, 학자",학자
3316,询问,예문,他向我询问了去火车站怎么走。,他向我询问去火车站的路。
3323,沿,뜻,"따라, 연안",~을 따라
3330,眼泪,뜻,"눈물, 눈물",눈물
3331,严肃,뜻,"엄격하다, 진지하다","엄숙하다, 진지하다"
3333,摇,예문,他轻轻地摇着手中的扇子，驱赶炎热。,他轻轻地摇着手中的扇子。
3335,腰,뜻,"허리, 허리",허리
3336,要不（然）,병음,yàobù(rán),yàobu(rán)
3336,要不（然）,뜻,"아니면, 만약 그렇지 않다","그렇지 않으면 / 아니면, ~하는 게 어때"
3337,要不是,병음,yàobúshì,yàobushì
3339,药物,예문,这种药物的副作用很小，可以放心使用。,请按照医生的建议使用这种药物。
3340,压岁钱,뜻,"세뱃돈, 압세돈",세뱃돈
3341,鸭子,뜻,"오리, 오리",오리
3345,业余,예문,他平时业余喜欢弹吉他，放松心情。,他喜欢在业余时间弹吉他。
3347,亿,뜻,억(억의 단위),억
3347,亿,예문,这个城市的人口超过了一亿，非常庞大。,这个项目需要投资一亿元。
3349,以,예문,以上是本次会议的主要内容，请大家执行。,他以优异的成绩通过了考试。
3350,一次性,병음,yícìxìng,yīcìxìng
3351,一代,병음,yídài,yīdài
3351,一代,뜻,"일대, 한 시대","한 세대, 한 시대"
3352,一旦,병음,yídàn,yīdàn
3352,一旦,뜻,"한 번, 일단","일단 ~하면, 만일 ~하면"
3353,移动,예문,手机支付让我们可以随时随地进行资金移动。,请不要随意移动桌椅。
3356,依据,뜻,"의거하다, 근거하다","근거, 의거하다"
3356,依据,예문,有确凿的证据依据，才能做出判决。,我们要依据事实作出判断。
3358,以来,예문,自从改革开放以来，人民的生活水平提高了。,改革开放以来，人们的生活水平提高了。
3359,医疗,뜻,"의료, 의학",의료
3360,一路,병음,yílù,yīlù
3360,一路,뜻,"일로, 줄곧","줄곧, 오는 내내 / 같은 길"
3361,一路顺风,병음,yílù-shùnfēng,yīlù shùnfēng
3361,一路顺风,뜻,일로 평안(여행 인사),"여행길이 순조롭기를 빌다, 잘 다녀오세요"
3362,因而,병음,yīn’ér,yīn'ér
3367,硬件,뜻,"하드웨어, 경질",하드웨어
3370,影视,뜻,"영상, 비디오","영화와 텔레비전, 영상 분야"
3381,意外,뜻,"의외위, 뜻밖의/의외의 사고","뜻밖이다, 의외이다 / 사고"
3387,一致,병음,yízhì,yīzhì
3396,由此,병음,yóu cǐ,yóucǐ
3397,有害,병음,yǒu hài,yǒuhài
3404,有力,예문,要想赢得比赛，我们需要一支有力的团队。,这些证据有力地证明了他的清白。
3406,优良,예문,这款产品的质量很优良，可以放心购买。,这款产品品质优良，深受顾客欢迎。
3407,优美,뜻,"우미하다, 아름답다","아름답다, 우아하다"
3408,邮票,뜻,"우표, 우표",우표
3409,优势,뜻,"우세, 우세","우세, 강점"
3418,愿,예문,他衷心祝愿大家都能实现自己的愿望。,愿大家都能实现自己的梦想。
3419,原有,병음,yuán yǒu,yuányǒu
3420,元旦,뜻,"신정(1월 1일), 원단","신정, 1월 1일"
3431,玉米,뜻,"옥수수, 곡물",옥수수
3432,运,뜻,"운송, 운수","운송하다 / 운, 운수"
3442,在场,뜻,"현장에 있다, 입장하다","현장에 있다, 참석해 있다"
3442,在场,예문,救援人员已经迅速在场展开营救工作。,事情发生时，他也在场。
3444,在内,뜻,"내부에, 안에",그 안에 포함되다
3444,在内,예문,所有工作人员都在内，都要参加这次培训。,包括我在内，一共有十个人参加。
3449,糟,뜻,"망치다, 나쁘게 하다","나쁘다, 엉망이다"
3460,炸,뜻,"튀기다, 폭발하다",기름에 튀기다
3463,占,예문,他的意见占了大多数，我们选择了他的方案。,年轻人占公司员工总数的一半。
3465,涨,뜻,"(수위,물등)오르다,상승하다","오르다, 상승하다"
3466,账号,뜻,"계정, 계정","계정, 계정 번호"
3467,账户,뜻,"계좌, 입금 계좌","계좌, 계정"
3468,涨价,예문,由于成本上涨，商品的价格也要相应涨价了。,由于成本上涨，这种商品也涨价了。
3475,占线,뜻,"통화 중, 점선",통화 중이다
3478,着凉,뜻,"감기에 걸리다, 찬기를 먹다","찬 기운을 쐬어 몸이 상하다, 감기에 걸리다"
3479,折扣,예문,这款商品现在正在打折，价格有折扣，很划算。,这款商品可以享受八折的折扣。
3480,阵,뜻,"진(군대의 단위), 진동","진, 진형 / 한바탕·차례(양사)"
3487,证据,뜻,"증거, 증거",증거
3490,正如,뜻,"바로, 정확히","바로 ~와 같이, ~대로"
3492,整体,뜻,"전체, 전체",전체
3494,整整,뜻,"아주, 완전히","꼬박, 꼭, 무려"
3495,政治,뜻,"정치, 정치",정치
3498,哲学,뜻,"철학, 철학",철학
3499,直,뜻,"곧바로, 직선","곧다 / 직접, 곧바로"
3499,直,예문,他做事很直，不喜欢拐弯抹角。,这条路很直，一眼就能看到尽头。
3500,至,예문,从北京至上海的高铁，几个小就能到达。,从北京至上海，坐高铁几个小时就能到达。
3501,治,예문,城市管理需要法治，才能秩序井然。,这种药能治他的病。
3503,支1,예문,他用一支笔在纸上写字。,他用一根木棍支住了门。
3509,制度,뜻,"제도, 제도",제도
3512,至今,예문,至今为止，他仍然保持着良好的学习习惯。,他至今仍然保持着良好的学习习惯。
3515,智能,뜻,"지능, 지적","지능, 인공지능의"
3521,众多,뜻,"많은, 다양한","수많다, 많다"
3526,种类,뜻,"종류, 종류",종류
3531,中药,뜻,"중의학, 한약","중국 전통 약, 중약"
3532,中医,뜻,중의(한의사),중국 전통 의학 / 중의사
3535,周年,예문,今年是新中国成立七十二周年。,今年是我们学校成立五十周年。
3537,猪,뜻,"돼지, 돼지",돼지
3538,抓,뜻,"잡다, 잡다","잡다, 붙잡다"
3539,抓紧,뜻,"긴박하다, 서두르다","꽉 잡다 / 서두르다, 시간을 다잡다"
3546,装修,뜻,"수리하다, 장식하다","실내 공사를 하다, 인테리어하다"
3547,专家,뜻,"전문가, 에이스",전문가
3548,专心,뜻,"전심하다, 집중하다","집중하다, 전념하다"
3556,追求,뜻,"추구하다, 추구",추구하다
3557,逐渐,뜻,"점차, 점차","점차, 차츰"
3561,住宿,예문,他在酒店住宿了一晚，第二天离开了。,他在这家酒店住宿了两晚。
3566,竹子,뜻,"대나무, 죽",대나무
3569,自动,뜻,"자동, 자동",자동의 / 자발적으로
3571,资金,뜻,"자금, 자금",자금
3578,自由,뜻,"자유, 프리","자유, 자유롭다"
3579,资源,뜻,"자원, 자원",자원
3582,综合,뜻,"종합하다, 합계",종합하다 / 종합적인
3583,总数,예문,这个班级的总数是三十人，全部到齐了。,这个班的学生总数是三十人。
3584,总体,뜻,"전체, 전체","전체, 전반적인"
3591,醉,뜻,"(술)에 취하다,심취하다 ","(술)에 취하다,심취하다"
3592,嘴巴,뜻,"입, 입술",입
3598,作出,뜻,"제작하다, 만들다","결정·판단 등을 내리다, 성과를 이루다"
3600,组织,뜻,"조직하다, 체계화","조직하다 / 조직, 단체"
